MesAno,OrgaoEntidade,ValorEmp,ValorLiqui,ValorPag,ValorRest
out/20,Conselho,Administrativo,de,Defesa,Economica,161.169,3160.237,3344.548,807.765
mar/20,Conselho,Administrativo,de,Defesa,Economica,59.009,3277.599,3251.692,508.007
nov/20,Conselho,Administrativo,de,Defesa,Economica,1332.619,4429.030,4202.288,1371.830
jun/20,Conselho,Administrativo,de,Defesa,Economica,3033.223,3557.096,3355.354,3327.107
jan/20,Conselho,Administrativo,de,Defesa,Economica,15173.159,1311.936,320.569,1904.417
jul/20,Conselho,Administrativo,de,Defesa,Economica,3778.704,6625.319,5861.892,921.118
set/20,Conselho,Administrativo,de,Defesa,Economica,626.176,3298.839,3096.240,2010.741
fev/20,Conselho,Administrativo,de,Defesa,Economica,7364.033,2647.225,2751.649,1354.357
mai/20,Conselho,Administrativo,de,Defesa,Economica,1041.169,3297.499,3222.855,638.357
abr/20,Conselho,Administrativo,de,Defesa,Economica,19658.705,3376.604,3431.793,249.988
dez/20,Conselho,Administrativo,de,Defesa,Economica,2979.835,9261.843,9291.061,3665.580
ago/20,Conselho,Administrativo,de,Defesa,Economica,1125.128,2890.631,3893.377,1870.127
nov/20,Departamento,de,Policia,Federal,1042211.228,891608.412,788723.811,7836.550
fev/20,Departamento,de,Policia,Federal,103344.750,534437.466,524730.046,31883.710
jun/20,Departamento,de,Policia,Federal,1028.896.132,687527.209,553633.099,30274.883
ago/20,Departamento,de,Policia,Federal,100466.454,563482.875,565884.275,18709.289
mai/20,Departamento,de,Policia,Federal,-216258.120,560631.358,601654.627,35361.812
set/20,Departamento,de,Policia,Federal,1026.675.083,567742.459,562847.055,16907.266
out/20,Departamento,de,Policia,Federal,70025.515,568856.664,577314.547,25273.203
mar/20,Departamento,de,Policia,Federal,183223.910,577470.197,569266.648,50063.474
jul/20,Departamento,de,Policia,Federal,861283.496,569074.127,700080.636,27312.775
abr/20,Departamento,de,Policia,Federal,1159290.859,561356.152,565051.512,10035.943
dez/20,Departamento,de,Policia,Federal,527862.699,685470.792,701818.041,13156.436
jan/20,Departamento,de,Policia,Federal,2028066.192,518590.884,165636.268,466832.608
fev/20,Departamento,de,Policia,Rodoviaria,Federal,30146454,363762.297,366450.779,23929.654
set/20,Departamento,de,Policia,Rodoviaria,Federal,48129.919,387788.240,390499.429,12812.293
jun/20,Departamento,de,Policia,Rodoviaria,Federal,1360211.021,511772.769,412836.539,144931.260
mai/20,Departamento,de,Policia,Rodoviaria,Federal,210625.427,382776.415,381586.407,48193.410
jul/20,Departamento,de,Policia,Rodoviaria,Federal,41143.554,383957.790,483525.625,19244.229
jan/20,Departamento,de,Policia,Rodoviaria,Federal,2981052.517,359828.341,104630.620,321467.943
ago/20,Departamento,de,Policia,Rodoviaria,Federal,18666.220,393660.626,388460.925,35343.352
dez/20,Departamento,de,Policia,Rodoviaria,Federal,222255.148,494969.206,514452.744,10270.275
abr/20,Departamento,de,Policia,Rodoviaria,Federal,69174.550,373419.211,378014.200,14891.909
mar/20,Departamento,de,Policia,Rodoviaria,Federal,31156.257,382609.742,390978.397,27671.685
out/20,Departamento,de,Policia,Rodoviaria,Federal,-36888.267,393763.642,388288.059,8155.157
nov/20,Departamento,de,Policia,Rodoviaria,Federal,379752.798,577198.940,508460.252,5711.416
mar/20,Fundacao,Nacional,do,Indio,7255.672,38946.947,39518.752,5717.530
fev/20,Fundacao,Nacional,do,Indio,-237324,35734.997,36308.228,4820.206
abr/20,Fundacao,Nacional,do,Indio,15830.029,39987.565,39560.950,5479.958
out/20,Fundacao,Nacional,do,Indio,17718.360,49001.040,50254.958,3727.801
set/20,Fundacao,Nacional,do,Indio,30494.101,42924.904,42296.261,4572.423
ago/20,Fundacao,Nacional,do,Indio,8905.952,43001.695,42954.462,3959.220
jun/20,Fundacao,Nacional,do,Indio,23127.594,54054.225,41375.081,1883.695
dez/20,Fundacao,Nacional,do,Indio,23543.056,58696.886,65729.440,2124.651
jan/20,Fundacao,Nacional,do,Indio,404555.602,33993.842,7725.146,36393.048
jul/20,Fundacao,Nacional,do,Indio,28202.648,44686.069,57207.411,3496.275
nov/20,Fundacao,Nacional,do,Indio,27203.519,61405.020,50553.833,838.164
mai/20,Fundacao,Nacional,do,Indio,15188.809,41229.956,41206.887,6073.667
